id,lon,lat,yagis
1,37.95,29.79,0.012866
2,37.95,29.83,0.009377
3,37.95,29.87,0.006388
4,37.95,29.91,0.020463
5,37.95,29.95,0.049021
6,37.95,29.99,0.076894
7,37.95,30.03,0.086281
8,37.95,30.07,0.083256
9,37.95,30.11,0.08023
10,37.95,30.15,0.077711
11,37.95,30.19,0.075872
12,37.95,30.23,0.074541
13,37.95,30.27,0.077483
14,37.95,30.31,0.08194
15,37.95,30.35,0.086456
16,37.95,30.39,0.083787
17,37.95,30.43,0.079556
18,37.95,30.47,0.075626
19,37.95,30.51,0.078258
20,37.95,30.55,0.082023
21,37.95,30.59,0.085936
22,37.95,30.63,0.069343
23,37.95,30.67,0.052091
24,37.95,30.71,0.035682
25,37.95,30.75,-0.015105
26,37.95,30.79,-0.026807
27,37.95,30.83,-0.031799
28,37.95,30.87,-0.032082
29,37.95,30.91,-0.03231
30,37.95,30.95,-0.031163
31,37.95,30.99,-0.017754
32,37.95,31.03,0.014361
33,37.95,31.07,0.106355
34,37.95,31.11,0.106053
35,37.95,31.15,0.105705
36,37.95,31.19,0.103613
37,37.95,31.23,0.097009
38,37.95,31.27,0.090393
39,37.95,31.31,0.030778
40,37.95,31.35,-0.019035
41,37.95,31.39,-0.034706
42,37.95,31.43,-0.035518
43,37.95,31.47,-0.020198
44,37.95,31.51,0.012519
45,37.95,31.55,0.050629
46,37.95,31.59,0.049602
47,37.95,31.63,0.05038
48,37.95,31.67,0.057854
49,37.95,31.71,0.069989
50,37.95,31.75,0.082866
51,37.95,31.79,0.089432
52,37.95,31.83,0.091534
53,37.95,31.87,0.093275
54,37.95,31.91,0.094822
55,37.95,31.95,0.096589
56,37.95,31.99,0.098603
57,37.95,32.03,0.088493
58,37.95,32.07,0.075127
59,37.99,29.79,0.036893
60,37.99,29.83,0.032497
61,37.99,29.87,0.028449
62,37.99,29.91,0.033544
63,37.99,29.95,0.045923
64,37.99,29.99,0.058812
65,37.99,30.03,0.068411
66,37.99,30.07,0.075752
67,37.99,30.11,0.082864
68,37.99,30.15,0.080307
69,37.99,30.19,0.073918
70,37.99,30.23,0.067871
71,37.99,30.27,0.068838
72,37.99,30.31,0.071999
73,37.99,30.35,0.075249
74,37.99,30.39,0.068528
75,37.99,30.43,0.059969
76,37.99,30.47,0.051663
77,37.99,30.51,0.056071
78,37.99,30.55,0.062091
79,37.99,30.59,0.068276
80,37.99,30.63,0.048398
81,37.99,30.67,0.028472
82,37.99,30.71,0.007418
83,37.99,30.75,-0.023587
84,37.99,30.79,-0.030144
85,37.99,30.83,-0.032807
86,37.99,30.87,-0.033125
87,37.99,30.91,-0.033446
88,37.99,30.95,-0.032489
89,37.99,30.99,-0.021212
90,37.99,31.03,0.006219
91,37.99,31.07,0.087107
92,37.99,31.11,0.096844
93,37.99,31.15,0.106818
94,37.99,31.19,0.11287
95,37.99,31.23,0.108941
96,37.99,31.27,0.104877
97,37.99,31.31,0.056161
98,37.99,31.35,0.000314
99,37.99,31.39,-0.02169
100,37.99,31.43,-0.023781
101,37.99,31.47,-0.005051
102,37.99,31.51,0.035143
103,37.99,31.55,0.078864
104,37.99,31.59,0.072288
105,37.99,31.63,0.065344
106,37.99,31.67,0.068201
107,37.99,31.71,0.079317
108,37.99,31.75,0.090993
109,37.99,31.79,0.078126
110,37.99,31.83,0.054141
111,37.99,31.87,0.03659
112,37.99,31.91,0.044454
113,37.99,31.95,0.06754
114,37.99,31.99,0.100445
115,37.99,32.03,0.106982
116,37.99,32.07,0.103254
117,38.03,29.79,0.048812
118,38.03,29.83,0.044715
119,38.03,29.87,0.040709
120,38.03,29.91,0.039433
121,38.03,29.95,0.040074
122,38.03,29.99,0.04093
123,38.03,30.03,0.051856
124,38.03,30.07,0.068151
125,38.03,30.11,0.084864
126,38.03,30.15,0.082118
127,38.03,30.19,0.072017
128,38.03,30.23,0.061688
129,38.03,30.27,0.060765
130,38.03,30.31,0.062364
131,38.03,30.35,0.064169
132,38.03,30.39,0.053193
133,38.03,30.43,0.04013
134,38.03,30.47,0.027114
135,38.03,30.51,0.033643
136,38.03,30.55,0.041942
137,38.03,30.59,0.050481
138,38.03,30.63,0.02681
139,38.03,30.67,0.003927
140,38.03,30.71,-0.019584
141,38.03,30.75,-0.031973
142,38.03,30.79,-0.033421
143,38.03,30.83,-0.033844
144,38.03,30.87,-0.034206
145,38.03,30.91,-0.034568
146,38.03,30.95,-0.033739
147,38.03,30.99,-0.024601
148,38.03,31.03,-0.002126
149,38.03,31.07,0.066389
150,38.03,31.11,0.086281
151,38.03,31.15,0.107174
152,38.03,31.19,0.121868
153,38.03,31.23,0.12094
154,38.03,31.27,0.119883
155,38.03,31.31,0.096803
156,38.03,31.35,0.050467
157,38.03,31.39,0.020304
158,38.03,31.43,0.013449
159,38.03,31.47,0.029042
160,38.03,31.51,0.052411
161,38.03,31.55,0.0698
162,38.03,31.59,0.071883
163,38.03,31.63,0.073816
164,38.03,31.67,0.079865
165,38.03,31.71,0.089323
166,38.03,31.75,0.099136
167,38.03,31.79,0.061387
168,38.03,31.83,0.024222
169,38.03,31.87,0.004508
170,38.03,31.91,0.01404
171,38.03,31.95,0.045187
172,38.03,31.99,0.108553
173,38.03,32.03,0.125145
174,38.03,32.07,0.117618
175,38.07,29.79,0.034231
176,38.07,29.83,0.031167
177,38.07,29.87,0.028209
178,38.07,29.91,0.027125
179,38.07,29.95,0.027175
180,38.07,29.99,0.027413
181,38.07,30.03,0.035817
182,38.07,30.07,0.047811
183,38.07,30.11,0.060049
184,38.07,30.15,0.061108
185,38.07,30.19,0.058614
186,38.07,30.23,0.055937
187,38.07,30.27,0.055109
188,38.07,30.31,0.054996
189,38.07,30.35,0.055297
190,38.07,30.39,0.046014
191,38.07,30.43,0.035217
192,38.07,30.47,0.024078
193,38.07,30.51,0.032489
194,38.07,30.55,0.042027
195,38.07,30.59,0.051263
196,38.07,30.63,0.03295
197,38.07,30.67,0.014835
198,38.07,30.71,-0.007648
199,38.07,30.75,-0.02903
200,38.07,30.79,-0.033185
201,38.07,30.83,-0.03419
202,38.07,30.87,-0.030924
203,38.07,30.91,-0.027303
204,38.07,30.95,-0.022742
205,38.07,30.99,-0.012828
206,38.07,31.03,0.009651
207,38.07,31.07,0.062767
208,38.07,31.11,0.081073
209,38.07,31.15,0.100908
210,38.07,31.19,0.115839
211,38.07,31.23,0.118221
212,38.07,31.27,0.120588
213,38.07,31.31,0.119104
214,38.07,31.35,0.111184
215,38.07,31.39,0.102587
216,38.07,31.43,0.09421
217,38.07,31.47,0.086798
218,38.07,31.51,0.079747
219,38.07,31.55,0.078545
220,38.07,31.59,0.082595
221,38.07,31.63,0.086859
222,38.07,31.67,0.092038
223,38.07,31.71,0.097939
224,38.07,31.75,0.104073
225,38.07,31.79,0.061923
226,38.07,31.83,0.024785
227,38.07,31.87,0.005443
228,38.07,31.91,0.015225
229,38.07,31.95,0.046909
230,38.07,31.99,0.114413
231,38.07,32.03,0.132228
232,38.07,32.07,0.12459
233,38.11,29.79,0.021225
234,38.11,29.83,0.019067
235,38.11,29.87,0.017018
236,38.11,29.91,0.015923
237,38.11,29.95,0.015372
238,38.11,29.99,0.015027
239,38.11,30.03,0.020736
240,38.11,30.07,0.028613
241,38.11,30.11,0.036652
242,38.11,30.15,0.041773
243,38.11,30.19,0.046171
244,38.11,30.23,0.050618
245,38.11,30.27,0.049529
246,38.11,30.31,0.04803
247,38.11,30.35,0.047184
248,38.11,30.39,0.040867
249,38.11,30.43,0.033733
250,38.11,30.47,0.026243
251,38.11,30.51,0.03661
252,38.11,30.55,0.047456
253,38.11,30.59,0.057506
254,38.11,30.63,0.047479
255,38.11,30.67,0.037344
256,38.11,30.71,0.015868
257,38.11,30.75,-0.02224
258,38.11,30.79,-0.031736
259,38.11,30.83,-0.034027
260,38.11,30.87,-0.023671
261,38.11,30.91,-0.007145
262,38.11,30.95,0.016061
263,38.11,30.99,0.026358
264,38.11,31.03,0.044514
265,38.11,31.07,0.06917
266,38.11,31.11,0.078743
267,38.11,31.15,0.089447
268,38.11,31.19,0.098853
269,38.11,31.23,0.104243
270,38.11,31.27,0.109867
271,38.11,31.31,0.114416
272,38.11,31.35,0.116944
273,38.11,31.39,0.119168
274,38.11,31.43,0.118046
275,38.11,31.47,0.113579
276,38.11,31.51,0.109241
277,38.11,31.55,0.106769
278,38.11,31.59,0.105828
279,38.11,31.63,0.104887
280,38.11,31.67,0.104517
281,38.11,31.71,0.104663
282,38.11,31.75,0.104962
283,38.11,31.79,0.085766
284,38.11,31.83,0.063397
285,38.11,31.87,0.047835
286,38.11,31.91,0.056667
287,38.11,31.95,0.080418
288,38.11,31.99,0.116387
289,38.11,32.03,0.124032
290,38.11,32.07,0.121674
291,38.15,29.79,0.017886
292,38.15,29.83,0.017067
293,38.15,29.87,0.016205
294,38.15,29.91,0.015158
295,38.15,29.95,0.014204
296,38.15,29.99,0.013491
297,38.15,30.03,0.015494
298,38.15,30.07,0.018401
299,38.15,30.11,0.021562
300,38.15,30.15,0.024841
301,38.15,30.19,0.028508
302,38.15,30.23,0.032653
303,38.15,30.27,0.035708
304,38.15,30.31,0.038891
305,38.15,30.35,0.042562
306,38.15,30.39,0.042667
307,38.15,30.43,0.042151
308,38.15,30.47,0.041099
309,38.15,30.51,0.035451
310,38.15,30.55,0.031708
311,38.15,30.59,0.030519
312,38.15,30.63,0.036436
313,38.15,30.67,0.043782
314,38.15,30.71,0.032315
315,38.15,30.75,-0.017401
316,38.15,30.79,-0.030989
317,38.15,30.83,-0.034182
318,38.15,30.87,-0.018155
319,38.15,30.91,0.017688
320,38.15,30.95,0.097069
321,38.15,30.99,0.088129
322,38.15,31.03,0.079017
323,38.15,31.07,0.073321
324,38.15,31.11,0.075855
325,38.15,31.15,0.079168
326,38.15,31.19,0.084245
327,38.15,31.23,0.09157
328,38.15,31.27,0.099319
329,38.15,31.31,0.108422
330,38.15,31.35,0.118911
331,38.15,31.39,0.129498
332,38.15,31.43,0.134997
333,38.15,31.47,0.135153
334,38.15,31.51,0.135281
335,38.15,31.55,0.132443
336,38.15,31.59,0.127109
337,38.15,31.63,0.121628
338,38.15,31.67,0.116523
339,38.15,31.71,0.111812
340,38.15,31.75,0.107202
341,38.15,31.79,0.11433
342,38.15,31.83,0.127105
343,38.15,31.87,0.139771
344,38.15,31.91,0.136913
345,38.15,31.95,0.128215
346,38.15,31.99,0.119318
347,38.15,32.03,0.11907
348,38.15,32.07,0.121214
349,38.19,29.79,0.015645
350,38.19,29.83,0.016406
351,38.19,29.87,0.016995
352,38.19,29.91,0.016195
353,38.19,29.95,0.015214
354,38.19,29.99,0.014563
355,38.19,30.03,0.01268
356,38.19,30.07,0.010732
357,38.19,30.11,0.009116
358,38.19,30.15,0.008545
359,38.19,30.19,0.008388
360,38.19,30.23,0.008562
361,38.19,30.27,0.018462
362,38.19,30.31,0.029382
363,38.19,30.35,0.040816
364,38.19,30.39,0.0492
365,38.19,30.43,0.057335
366,38.19,30.47,0.062976
367,38.19,30.51,0.029902
368,38.19,30.55,0.0132
369,38.19,30.59,0.00568
370,38.19,30.63,0.016676
371,38.19,30.67,0.0362
372,38.19,30.71,0.040752
373,38.19,30.75,-0.015013
374,38.19,30.79,-0.031136
375,38.19,30.83,-0.035233
376,38.19,30.87,-0.020499
377,38.19,30.91,0.012441
378,38.19,30.95,0.083026
379,38.19,30.99,0.079108
380,38.19,31.03,0.074907
381,38.19,31.07,0.071814
382,38.19,31.11,0.07176
383,38.19,31.15,0.072292
384,38.19,31.19,0.075458
385,38.19,31.23,0.08205
386,38.19,31.27,0.08881
387,38.19,31.31,0.09769
388,38.19,31.35,0.108965
389,38.19,31.39,0.120194
390,38.19,31.43,0.128154
391,38.19,31.47,0.133103
392,38.19,31.51,0.138192
393,38.19,31.55,0.137413
394,38.19,31.59,0.132079
395,38.19,31.63,0.126777
396,38.19,31.67,0.122939
397,38.19,31.71,0.119887
398,38.19,31.75,0.116738
399,38.19,31.79,0.122672
400,38.19,31.83,0.132953
401,38.19,31.87,0.143315
402,38.19,31.91,0.143282
403,38.19,31.95,0.13952
404,38.19,31.99,0.135697
405,38.19,32.03,0.135073
406,38.19,32.07,0.135323
407,38.23,29.79,0.01559
408,38.23,29.83,0.016406
409,38.23,29.87,0.017288
410,38.23,29.91,0.018799
411,38.23,29.95,0.02046
412,38.23,29.99,0.022206
413,38.23,30.03,0.017775
414,38.23,30.07,0.012406
415,38.23,30.11,0.007184
416,38.23,30.15,0.00273
417,38.23,30.19,-0.001465
418,38.23,30.23,-0.005446
419,38.23,30.27,0.009
420,38.23,30.31,0.024743
421,38.23,30.35,0.041113
422,38.23,30.39,0.048851
423,38.23,30.43,0.055227
424,38.23,30.47,0.057244
425,38.23,30.51,0.0247
426,38.23,30.55,0.00762
427,38.23,30.59,-0.000304
428,38.23,30.63,0.011634
429,38.23,30.67,0.035567
430,38.23,30.71,0.048758
431,38.23,30.75,-0.010667
432,38.23,30.79,-0.029428
433,38.23,30.83,-0.034675
434,38.23,30.87,-0.021401
435,38.23,30.91,0.008276
436,38.23,30.95,0.069375
437,38.23,30.99,0.07001
438,38.23,31.03,0.070643
439,38.23,31.07,0.07003
440,38.23,31.11,0.067443
441,38.23,31.15,0.065292
442,38.23,31.19,0.066676
443,38.23,31.23,0.07256
444,38.23,31.27,0.078475
445,38.23,31.31,0.087396
446,38.23,31.35,0.099625
447,38.23,31.39,0.111729
448,38.23,31.43,0.122081
449,38.23,31.47,0.131309
450,38.23,31.51,0.141037
451,38.23,31.55,0.142121
452,38.23,31.59,0.136958
453,38.23,31.63,0.132182
454,38.23,31.67,0.129679
455,38.23,31.71,0.128175
456,38.23,31.75,0.126502
457,38.23,31.79,0.131184
458,38.23,31.83,0.139004
459,38.23,31.87,0.147133
460,38.23,31.91,0.150069
461,38.23,31.95,0.151245
462,38.23,31.99,0.152494
463,38.23,32.03,0.151401
464,38.23,32.07,0.149751
465,38.27,29.79,0.016642
466,38.27,29.83,0.016673
467,38.27,29.87,0.017092
468,38.27,29.91,0.022872
469,38.27,29.95,0.029583
470,38.27,29.99,0.036325
471,38.27,30.03,0.031382
472,38.27,30.07,0.025142
473,38.27,30.11,0.018953
474,38.27,30.15,0.011867
475,38.27,30.19,0.004774
476,38.27,30.23,-0.002153
477,38.27,30.27,0.012576
478,38.27,30.31,0.028333
479,38.27,30.35,0.043647
480,38.27,30.39,0.028821
481,38.27,30.43,0.018909
482,38.27,30.47,0.013671
483,38.27,30.51,0.013731
484,38.27,30.55,0.013216
485,38.27,30.59,0.013954
486,38.27,30.63,0.026597
487,38.27,30.67,0.047264
488,38.27,30.71,0.056046
489,38.27,30.75,0.015616
490,38.27,30.79,-0.00196
491,38.27,30.83,-0.006959
492,38.27,30.87,0.006608
493,38.27,30.91,0.032831
494,38.27,30.95,0.069476
495,38.27,30.99,0.067401
496,38.27,31.03,0.065552
497,38.27,31.07,0.065427
498,38.27,31.11,0.06787
499,38.27,31.15,0.070462
500,38.27,31.19,0.074033
501,38.27,31.23,0.078371
502,38.27,31.27,0.082335
503,38.27,31.31,0.0867
504,38.27,31.35,0.091898
505,38.27,31.39,0.097264
506,38.27,31.43,0.107816
507,38.27,31.47,0.123528
508,38.27,31.51,0.140398
509,38.27,31.55,0.145052
510,38.27,31.59,0.141056
511,38.27,31.63,0.137477
512,38.27,31.67,0.134428
513,38.27,31.71,0.131427
514,38.27,31.75,0.128346
515,38.27,31.79,0.132251
516,38.27,31.83,0.139291
517,38.27,31.87,0.146517
518,38.27,31.91,0.148015
519,38.27,31.95,0.147718
520,38.27,31.99,0.14752
521,38.27,32.03,0.1438
522,38.27,32.07,0.13925
523,38.31,29.79,0.018106
524,38.31,29.83,0.018993
525,38.31,29.87,0.020178
526,38.31,29.91,0.028251
527,38.31,29.95,0.037642
528,38.31,29.99,0.047538
529,38.31,30.03,0.041936
530,38.31,30.07,0.03528
531,38.31,30.11,0.028632
532,38.31,30.15,0.019992
533,38.31,30.19,0.010853
534,38.31,30.23,0.002153
535,38.31,30.27,0.01651
536,38.31,30.31,0.032177
537,38.31,30.35,0.044574
538,38.31,30.39,0.014537
539,38.31,30.43,0.001532
540,38.31,30.47,-0.003369
541,38.31,30.51,0.005845
542,38.31,30.55,0.023697
543,38.31,30.59,0.054267
544,38.31,30.63,0.057525
545,38.31,30.67,0.061906
546,38.31,30.71,0.069489
547,38.31,30.75,0.079573
548,38.31,30.79,0.084635
549,38.31,30.83,0.084214
550,38.31,30.87,0.078198
551,38.31,30.91,0.073646
552,38.31,30.95,0.069232
553,38.31,30.99,0.064586
554,38.31,31.03,0.060301
555,38.31,31.07,0.061066
556,38.31,31.11,0.068854
557,38.31,31.15,0.076536
558,38.31,31.19,0.082233
559,38.31,31.23,0.084831
560,38.31,31.27,0.086603
561,38.31,31.31,0.08613
562,38.31,31.35,0.084404
563,38.31,31.39,0.083215
564,38.31,31.43,0.094146
565,38.31,31.47,0.115899
566,38.31,31.51,0.139662
567,38.31,31.55,0.147722
568,38.31,31.59,0.144963
569,38.31,31.63,0.142601
570,38.31,31.67,0.138648
571,38.31,31.71,0.133701
572,38.31,31.75,0.128729
573,38.31,31.79,0.131842
574,38.31,31.83,0.138361
575,38.31,31.87,0.145038
576,38.31,31.91,0.144043
577,38.31,31.95,0.140799
578,38.31,31.99,0.137706
579,38.31,32.03,0.13077
580,38.31,32.07,0.123008
581,38.35,29.79,0.020711
582,38.35,29.83,0.026446
583,38.35,29.87,0.032187
584,38.35,29.91,0.03623
585,38.35,29.95,0.040544
586,38.35,29.99,0.045316
587,38.35,30.03,0.038097
588,38.35,30.07,0.030475
589,38.35,30.11,0.022848
590,38.35,30.15,0.018184
591,38.35,30.19,0.013234
592,38.35,30.23,0.009429
593,38.35,30.27,0.023866
594,38.35,30.31,0.039414
595,38.35,30.35,0.051503
596,38.35,30.39,0.028725
597,38.35,30.43,0.013982
598,38.35,30.47,0.007491
599,38.35,30.51,0.018189
600,38.35,30.55,0.03727
601,38.35,30.59,0.063088
602,38.35,30.63,0.066829
603,38.35,30.67,0.07062
604,38.35,30.71,0.080728
605,38.35,30.75,0.107627
606,38.35,30.79,0.134622
607,38.35,30.83,0.142974
608,38.35,30.87,0.113323
609,38.35,30.91,0.08551
610,38.35,30.95,0.066912
611,38.35,30.99,0.061447
612,38.35,31.03,0.056143
613,38.35,31.07,0.05641
614,38.35,31.11,0.064137
615,38.35,31.15,0.071901
616,38.35,31.19,0.078658
617,38.35,31.23,0.08353
618,38.35,31.27,0.087567
619,38.35,31.31,0.061964
620,38.35,31.35,0.02805
621,38.35,31.39,0.006786
622,38.35,31.43,0.015652
623,38.35,31.47,0.052608
624,38.35,31.51,0.109948
625,38.35,31.55,0.141449
626,38.35,31.59,0.143376
627,38.35,31.63,0.145702
628,38.35,31.67,0.142211
629,38.35,31.71,0.135684
630,38.35,31.75,0.129083
631,38.35,31.79,0.13047
632,38.35,31.83,0.135093
633,38.35,31.87,0.139897
634,38.35,31.91,0.13806
635,38.35,31.95,0.134419
636,38.35,31.99,0.130967
637,38.35,32.03,0.12403
638,38.35,32.07,0.116321
639,38.39,29.79,0.023686
640,38.39,29.83,0.034229
641,38.39,29.87,0.044746
642,38.39,29.91,0.043965
643,38.39,29.95,0.043142
644,38.39,29.99,0.042615
645,38.39,30.03,0.034239
646,38.39,30.07,0.025644
647,38.39,30.11,0.017371
648,38.39,30.15,0.016772
649,38.39,30.19,0.016033
650,38.39,30.23,0.016798
651,38.39,30.27,0.03126
652,38.39,30.31,0.046635
653,38.39,30.35,0.059321
654,38.39,30.39,0.05137
655,38.39,30.43,0.042669
656,38.39,30.47,0.037188
657,38.39,30.51,0.044423
658,38.39,30.55,0.053954
659,38.39,30.59,0.064431
660,38.39,30.63,0.071511
661,38.39,30.67,0.07859
662,38.39,30.71,0.090207
663,38.39,30.75,0.112646
664,38.39,30.79,0.135425
665,38.39,30.83,0.139863
666,38.39,30.87,0.11072
667,38.39,30.91,0.08329
668,38.39,30.95,0.065033
669,38.39,30.99,0.058924
670,38.39,31.03,0.052982
671,38.39,31.07,0.051956
672,38.39,31.11,0.056984
673,38.39,31.15,0.062091
674,38.39,31.19,0.069288
675,38.39,31.23,0.078353
676,38.39,31.27,0.087121
677,38.39,31.31,0.034448
678,38.39,31.35,-0.011354
679,38.39,31.39,-0.032931
680,38.39,31.43,-0.02719
681,38.39,31.47,0.004086
682,38.39,31.51,0.072676
683,38.39,31.55,0.129505
684,38.39,31.59,0.137998
685,38.39,31.63,0.147421
686,38.39,31.67,0.145359
687,38.39,31.71,0.137649
688,38.39,31.75,0.129854
689,38.39,31.79,0.128645
690,38.39,31.83,0.129941
691,38.39,31.87,0.131337
692,38.39,31.91,0.130166
693,38.39,31.95,0.12852
694,38.39,31.99,0.127146
695,38.39,32.03,0.123438
696,38.39,32.07,0.11913
697,38.43,29.79,0.026055
698,38.43,29.83,0.031113
699,38.43,29.87,0.036455
700,38.43,29.91,0.036586
701,38.43,29.95,0.036552
702,38.43,29.99,0.036143
703,38.43,30.03,0.030542
704,38.43,30.07,0.02462
705,38.43,30.11,0.019186
706,38.43,30.15,0.021163
707,38.43,30.19,0.023173
708,38.43,30.23,0.026694
709,38.43,30.27,0.039402
710,38.43,30.31,0.052952
711,38.43,30.35,0.064877
712,38.43,30.39,0.066369
713,38.43,30.43,0.067877
714,38.43,30.47,0.069675
715,38.43,30.51,0.072328
716,38.43,30.55,0.075025
717,38.43,30.59,0.078539
718,38.43,30.63,0.084165
719,38.43,30.67,0.090009
720,38.43,30.71,0.099497
721,38.43,30.75,0.116395
722,38.43,30.79,0.13374
723,38.43,30.83,0.135106
724,38.43,30.87,0.109828
725,38.43,30.91,0.085607
726,38.43,30.95,0.0695
727,38.43,30.99,0.063615
728,38.43,31.03,0.057856
729,38.43,31.07,0.055639
730,38.43,31.11,0.057442
731,38.43,31.15,0.059344
732,38.43,31.19,0.065039
733,38.43,31.23,0.074555
734,38.43,31.27,0.084461
735,38.43,31.31,0.017347
736,38.43,31.35,-0.027945
737,38.43,31.39,-0.046839
738,38.43,31.43,-0.043417
739,38.43,31.47,-0.022129
740,38.43,31.51,0.023503
741,38.43,31.55,0.070947
742,38.43,31.59,0.099708
743,38.43,31.63,0.136463
744,38.43,31.67,0.145222
745,38.43,31.71,0.139215
746,38.43,31.75,0.133115
747,38.43,31.79,0.129364
748,38.43,31.83,0.126522
749,38.43,31.87,0.123764
750,38.43,31.91,0.122851
751,38.43,31.95,0.122756
752,38.43,31.99,0.123025
753,38.43,32.03,0.12295
754,38.43,32.07,0.122635
755,38.47,29.79,0.028203
756,38.47,29.83,0.027475
757,38.47,29.87,0.026997
758,38.47,29.91,0.028259
759,38.47,29.95,0.029182
760,38.47,29.99,0.02954
761,38.47,30.03,0.027155
762,38.47,30.07,0.024604
763,38.47,30.11,0.022802
764,38.47,30.15,0.027121
765,38.47,30.19,0.031546
766,38.47,30.23,0.03707
767,38.47,30.27,0.047518
768,38.47,30.31,0.058673
769,38.47,30.35,0.069606
770,38.47,30.39,0.077382
771,38.47,30.43,0.085159
772,38.47,30.47,0.091907
773,38.47,30.51,0.095784
774,38.47,30.55,0.099653
775,38.47,30.59,0.102479
776,38.47,30.63,0.103257
777,38.47,30.67,0.104392
778,38.47,30.71,0.108958
779,38.47,30.75,0.119396
780,38.47,30.79,0.130056
781,38.47,30.83,0.129151
782,38.47,30.87,0.110894
783,38.47,30.91,0.093143
784,38.47,30.95,0.08191
785,38.47,30.99,0.078443
786,38.47,31.03,0.075048
787,38.47,31.07,0.072359
788,38.47,31.11,0.070505
789,38.47,31.15,0.068838
790,38.47,31.19,0.069507
791,38.47,31.23,0.072491
792,38.47,31.27,0.075983
793,38.47,31.31,0.008289
794,38.47,31.35,-0.031969
795,38.47,31.39,-0.048375
796,38.47,31.43,-0.048546
797,38.47,31.47,-0.040834
798,38.47,31.51,-0.030167
799,38.47,31.55,-0.012364
800,38.47,31.59,0.01994
801,38.47,31.63,0.091729
802,38.47,31.67,0.134249
803,38.47,31.71,0.138785
804,38.47,31.75,0.143285
805,38.47,31.79,0.137568
806,38.47,31.83,0.128552
807,38.47,31.87,0.119559
808,38.47,31.91,0.117403
809,38.47,31.95,0.117102
810,38.47,31.99,0.116954
811,38.47,32.03,0.122642
812,38.47,32.07,0.129464
813,38.51,29.79,0.033777
814,38.51,29.83,0.0322
815,38.51,29.87,0.03045
816,38.51,29.91,0.02893
817,38.51,29.95,0.02736
818,38.51,29.99,0.026211
819,38.51,30.03,0.028203
820,38.51,30.07,0.03001
821,38.51,30.11,0.03195
822,38.51,30.15,0.035588
823,38.51,30.19,0.039556
824,38.51,30.23,0.044173
825,38.51,30.27,0.050463
826,38.51,30.31,0.057457
827,38.51,30.35,0.067021
828,38.51,30.39,0.082107
829,38.51,30.43,0.097128
830,38.51,30.47,0.108903
831,38.51,30.51,0.113207
832,38.51,30.55,0.117638
833,38.51,30.59,0.116157
834,38.51,30.63,0.104152
835,38.51,30.67,0.094467
836,38.51,30.71,0.094823
837,38.51,30.75,0.108532
838,38.51,30.79,0.122131
839,38.51,30.83,0.124419
840,38.51,30.87,0.11201
841,38.51,30.91,0.099996
842,38.51,30.95,0.093256
843,38.51,30.99,0.092331
844,38.51,31.03,0.091597
845,38.51,31.07,0.088454
846,38.51,31.11,0.083085
847,38.51,31.15,0.077984
848,38.51,31.19,0.073677
849,38.51,31.23,0.07015
850,38.51,31.27,0.067017
851,38.51,31.31,-0.000774
852,38.51,31.35,-0.035966
853,38.51,31.39,-0.049868
854,38.51,31.43,-0.053286
855,38.51,31.47,-0.053553
856,38.51,31.51,-0.053725
857,38.51,31.55,-0.044262
858,38.51,31.59,-0.019019
859,38.51,31.63,0.056113
860,38.51,31.67,0.123536
861,38.51,31.71,0.138665
862,38.51,31.75,0.153617
863,38.51,31.79,0.145758
864,38.51,31.83,0.130902
865,38.51,31.87,0.116026
866,38.51,31.91,0.112424
867,38.51,31.95,0.111576
868,38.51,31.99,0.110795
869,38.51,32.03,0.122386
870,38.51,32.07,0.136496
871,38.55,29.79,0.041514
872,38.55,29.83,0.041657
873,38.55,29.87,0.040941
874,38.55,29.91,0.035044
875,38.55,29.95,0.029238
876,38.55,29.99,0.025782
877,38.55,30.03,0.03348
878,38.55,30.07,0.041191
879,38.55,30.11,0.047261
880,38.55,30.15,0.047197
881,38.55,30.19,0.047321
882,38.55,30.23,0.0472
883,38.55,30.27,0.046095
884,38.55,30.31,0.045376
885,38.55,30.35,0.05186
886,38.55,30.39,0.075115
887,38.55,30.43,0.098232
888,38.55,30.47,0.114076
889,38.55,30.51,0.115385
890,38.55,30.55,0.11677
891,38.55,30.59,0.097556
892,38.55,30.63,0.054661
893,38.55,30.67,0.028921
894,38.55,30.71,0.0269
895,38.55,30.75,0.054631
896,38.55,30.79,0.097692
897,38.55,30.83,0.123182
898,38.55,30.87,0.110468
899,38.55,30.91,0.0978
900,38.55,30.95,0.090599
901,38.55,30.99,0.089133
902,38.55,31.03,0.087802
903,38.55,31.07,0.085758
904,38.55,31.11,0.083084
905,38.55,31.15,0.080514
906,38.55,31.19,0.078256
907,38.55,31.23,0.076327
908,38.55,31.27,0.074599
909,38.55,31.31,0.022449
910,38.55,31.35,-0.013296
911,38.55,31.39,-0.030003
912,38.55,31.43,-0.040174
913,38.55,31.47,-0.047737
914,38.55,31.51,-0.053604
915,38.55,31.55,-0.045782
916,38.55,31.59,-0.021446
917,38.55,31.63,0.050094
918,38.55,31.67,0.111646
919,38.55,31.71,0.127315
920,38.55,31.75,0.1427
921,38.55,31.79,0.137549
922,38.55,31.83,0.126289
923,38.55,31.87,0.114812
924,38.55,31.91,0.111303
925,38.55,31.95,0.109738
926,38.55,31.99,0.108305
927,38.55,32.03,0.119934
928,38.55,32.07,0.134188
929,38.59,29.79,0.044545
930,38.59,29.83,0.046177
931,38.59,29.87,0.046237
932,38.59,29.91,0.038475
933,38.59,29.95,0.030539
934,38.59,29.99,0.02628
935,38.59,30.03,0.036976
936,38.59,30.07,0.048489
937,38.59,30.11,0.057277
938,38.59,30.15,0.055189
939,38.59,30.19,0.052825
940,38.59,30.23,0.048865
941,38.59,30.27,0.041381
942,38.59,30.31,0.033618
943,38.59,30.35,0.038094
944,38.59,30.39,0.068878
945,38.59,30.43,0.099729
946,38.59,30.47,0.118929
947,38.59,30.51,0.117368
948,38.59,30.55,0.115921
949,38.59,30.59,0.078809
950,38.59,30.63,0.024719
951,38.59,30.67,-0.000467
952,38.59,30.71,-0.001324
953,38.59,30.75,0.02605
954,38.59,30.79,0.080242
955,38.59,30.83,0.121944
956,38.59,30.87,0.108853
957,38.59,30.91,0.095555
958,38.59,30.95,0.087951
959,38.59,30.99,0.085939
960,38.59,31.03,0.084011
961,38.59,31.07,0.083156
962,38.59,31.11,0.083163
963,38.59,31.15,0.083233
964,38.59,31.19,0.083186
965,38.59,31.23,0.083017
966,38.59,31.27,0.082849
967,38.59,31.31,0.068053
968,38.59,31.35,0.050426
969,38.59,31.39,0.037559
970,38.59,31.43,-0.009199
971,38.59,31.47,-0.038099
972,38.59,31.51,-0.052648
973,38.59,31.55,-0.04612
974,38.59,31.59,-0.022113
975,38.59,31.63,0.04608
976,38.59,31.67,0.100336
977,38.59,31.71,0.115248
978,38.59,31.75,0.129727
979,38.59,31.79,0.127711
980,38.59,31.83,0.120922
981,38.59,31.87,0.11374
982,38.59,31.91,0.110452
983,38.59,31.95,0.108277
984,38.59,31.99,0.106356
985,38.59,32.03,0.117343
986,38.59,32.07,0.130776
987,38.63,29.79,0.039121
988,38.63,29.83,0.040988
989,38.63,29.87,0.041316
990,38.63,29.91,0.03611
991,38.63,29.95,0.030695
992,38.63,29.99,0.027417
993,38.63,30.03,0.031449
994,38.63,30.07,0.035931
995,38.63,30.11,0.039947
996,38.63,30.15,0.041741
997,38.63,30.19,0.043476
998,38.63,30.23,0.043046
999,38.63,30.27,0.038009
1000,38.63,30.31,0.032789
1001,38.63,30.35,0.039893
1002,38.63,30.39,0.069784
1003,38.63,30.43,0.099915
1004,38.63,30.47,0.118844
1005,38.63,30.51,0.120063
1006,38.63,30.55,0.121207
1007,38.63,30.59,0.097156
1008,38.63,30.63,0.051542
1009,38.63,30.67,0.02404
1010,38.63,30.71,0.022319
1011,38.63,30.75,0.048558
1012,38.63,30.79,0.093024
1013,38.63,30.83,0.118042
1014,38.63,30.87,0.107652
1015,38.63,30.91,0.097016
1016,38.63,30.95,0.091716
1017,38.63,30.99,0.09117
1018,38.63,31.03,0.090631
1019,38.63,31.07,0.087639
1020,38.63,31.11,0.083001
1021,38.63,31.15,0.078594
1022,38.63,31.19,0.078349
1023,38.63,31.23,0.080563
1024,38.63,31.27,0.08267
1025,38.63,31.31,0.088339
1026,38.63,31.35,0.096523
1027,38.63,31.39,0.105442
1028,38.63,31.43,0.024177
1029,38.63,31.47,-0.02039
1030,38.63,31.51,-0.03993
1031,38.63,31.55,-0.032556
1032,38.63,31.59,-0.006685
1033,38.63,31.63,0.057071
1034,38.63,31.67,0.096537
1035,38.63,31.71,0.106088
1036,38.63,31.75,0.115671
1037,38.63,31.79,0.118791
1038,38.63,31.83,0.119975
1039,38.63,31.87,0.120839
1040,38.63,31.91,0.117678
1041,38.63,31.95,0.113955
1042,38.63,31.99,0.110456
1043,38.63,32.03,0.118356
1044,38.63,32.07,0.128189
1045,38.67,29.79,0.033716
1046,38.67,29.83,0.035663
1047,38.67,29.87,0.036558
1048,38.67,29.91,0.033998
1049,38.67,29.95,0.031117
1050,38.67,29.99,0.028066
1051,38.67,30.03,0.025234
1052,38.67,30.07,0.022697
1053,38.67,30.11,0.02292
1054,38.67,30.15,0.028576
1055,38.67,30.19,0.034378
1056,38.67,30.23,0.037352
1057,38.67,30.27,0.034868
1058,38.67,30.31,0.032251
1059,38.67,30.35,0.041737
1060,38.67,30.39,0.070694
1061,38.67,30.43,0.100061
1062,38.67,30.47,0.11889
1063,38.67,30.51,0.122924
1064,38.67,30.55,0.126971
1065,38.67,30.59,0.121895
1066,38.67,30.63,0.103865
1067,38.67,30.67,0.086012
1068,38.67,30.71,0.082633
1069,38.67,30.75,0.095123
1070,38.67,30.79,0.110214
1071,38.67,30.83,0.113824
1072,38.67,30.87,0.106759
1073,38.67,30.91,0.099568
1074,38.67,30.95,0.097199
1075,38.67,30.99,0.098616
1076,38.67,31.03,0.099964
1077,38.67,31.07,0.093788
1078,38.67,31.11,0.082558
1079,38.67,31.15,0.071349
1080,38.67,31.19,0.070031
1081,38.67,31.23,0.074461
1082,38.67,31.27,0.078861
1083,38.67,31.31,0.083691
1084,38.67,31.35,0.089322
1085,38.67,31.39,0.095703
1086,38.67,31.43,0.055187
1087,38.67,31.47,0.021517
1088,38.67,31.51,0.002842
1089,38.67,31.55,0.011946
1090,38.67,31.59,0.037127
1091,38.67,31.63,0.081305
1092,38.67,31.67,0.097517
1093,38.67,31.71,0.098976
1094,38.67,31.75,0.10068
1095,38.67,31.79,0.110636
1096,38.67,31.83,0.122529
1097,38.67,31.87,0.134421
1098,38.67,31.91,0.131129
1099,38.67,31.95,0.12511
1100,38.67,31.99,0.119235
1101,38.67,32.03,0.122119
1102,38.67,32.07,0.12624
1103,38.71,29.79,0.026992
1104,38.71,29.83,0.025776
1105,38.71,29.87,0.025427
1106,38.71,29.91,0.026971
1107,38.71,29.95,0.028392
1108,38.71,29.99,0.028576
1109,38.71,30.03,0.026389
1110,38.71,30.07,0.024157
1111,38.71,30.11,0.02445
1112,38.71,30.15,0.029592
1113,38.71,30.19,0.035118
1114,38.71,30.23,0.039897
1115,38.71,30.27,0.042795
1116,38.71,30.31,0.045405
1117,38.71,30.35,0.055466
1118,38.71,30.39,0.076342
1119,38.71,30.43,0.097664
1120,38.71,30.47,0.108706
1121,38.71,30.51,0.107201
1122,38.71,30.55,0.105963
1123,38.71,30.59,0.106143
1124,38.71,30.63,0.10748
1125,38.71,30.67,0.108643
1126,38.71,30.71,0.110351
1127,38.71,30.75,0.112331
1128,38.71,30.79,0.113891
1129,38.71,30.83,0.111776
1130,38.71,30.87,0.106921
1131,38.71,30.91,0.102081
1132,38.71,30.95,0.101165
1133,38.71,30.99,0.10304
1134,38.71,31.03,0.104916
1135,38.71,31.07,0.09682
1136,38.71,31.11,0.082388
1137,38.71,31.15,0.067729
1138,38.71,31.19,0.064181
1139,38.71,31.23,0.066897
1140,38.71,31.27,0.069887
1141,38.71,31.31,0.075873
1142,38.71,31.35,0.083392
1143,38.71,31.39,0.091248
1144,38.71,31.43,0.095289
1145,38.71,31.47,0.097881
1146,38.71,31.51,0.100741
1147,38.71,31.55,0.100426
1148,38.71,31.59,0.09922
1149,38.71,31.63,0.098254
1150,38.71,31.67,0.0966
1151,38.71,31.71,0.094619
1152,38.71,31.75,0.092528
1153,38.71,31.79,0.106743
1154,38.71,31.83,0.124896
1155,38.71,31.87,0.143338
1156,38.71,31.91,0.139377
1157,38.71,31.95,0.131594
1158,38.71,31.99,0.123985
1159,38.71,32.03,0.123766
1160,38.71,32.07,0.124388
1161,38.75,29.79,0.020367
1162,38.75,29.83,0.016034
1163,38.75,29.87,0.014976
1164,38.75,29.91,0.020439
1165,38.75,29.95,0.025993
1166,38.75,29.99,0.029217
1167,38.75,30.03,0.028293
1168,38.75,30.07,0.027454
1169,38.75,30.11,0.028645
1170,38.75,30.15,0.033104
1171,38.75,30.19,0.037946
1172,38.75,30.23,0.04494
1173,38.75,30.27,0.054187
1174,38.75,30.31,0.063129
1175,38.75,30.35,0.072593
1176,38.75,30.39,0.083227
1177,38.75,30.43,0.094215
1178,38.75,30.47,0.094187
1179,38.75,30.51,0.082453
1180,38.75,30.55,0.071049
1181,38.75,30.59,0.068513
1182,38.75,30.63,0.073959
1183,38.75,30.67,0.079358
1184,38.75,30.71,0.088161
1185,38.75,30.75,0.099234
1186,38.75,30.79,0.109604
1187,38.75,30.83,0.111672
1188,38.75,30.87,0.108081
1189,38.75,30.91,0.104554
1190,38.75,30.95,0.103456
1191,38.75,30.99,0.104062
1192,38.75,31.03,0.10485
1193,38.75,31.07,0.096479
1194,38.75,31.11,0.082814
1195,38.75,31.15,0.069052
1196,38.75,31.19,0.061422
1197,38.75,31.23,0.057018
1198,38.75,31.27,0.052837
1199,38.75,31.31,0.063235
1200,38.75,31.35,0.079498
1201,38.75,31.39,0.095458
1202,38.75,31.43,0.095203
1203,38.75,31.47,0.089458
1204,38.75,31.51,0.08411
1205,38.75,31.55,0.083725
1206,38.75,31.59,0.084893
1207,38.75,31.63,0.086167
1208,38.75,31.67,0.090778
1209,38.75,31.71,0.096327
1210,38.75,31.75,0.102003
1211,38.75,31.79,0.113131
1212,38.75,31.83,0.12555
1213,38.75,31.87,0.138152
1214,38.75,31.91,0.132939
1215,38.75,31.95,0.124954
1216,38.75,31.99,0.117159
1217,38.75,32.03,0.119273
1218,38.75,32.07,0.122634
1219,38.79,29.79,0.012957
1220,38.79,29.83,0.00605
1221,38.79,29.87,0.005131
1222,38.79,29.91,0.014444
1223,38.79,29.95,0.024023
1224,38.79,29.99,0.029325
1225,38.79,30.03,0.028096
1226,38.79,30.07,0.027059
1227,38.79,30.11,0.027706
1228,38.79,30.15,0.030706
1229,38.79,30.19,0.034219
1230,38.79,30.23,0.043381
1231,38.79,30.27,0.058346
1232,38.79,30.31,0.072934
1233,38.79,30.35,0.081622
1234,38.79,30.39,0.084612
1235,38.79,30.43,0.08787
1236,38.79,30.47,0.081388
1237,38.79,30.51,0.065481
1238,38.79,30.55,0.04947
1239,38.79,30.59,0.045012
1240,38.79,30.63,0.050547
1241,38.79,30.67,0.056679
1242,38.79,30.71,0.068178
1243,38.79,30.75,0.083244
1244,38.79,30.79,0.098146
1245,38.79,30.83,0.10487
1246,38.79,30.87,0.106071
1247,38.79,30.91,0.106957
1248,38.79,30.95,0.106098
1249,38.79,30.99,0.104719
1250,38.79,31.03,0.103768
1251,38.79,31.07,0.095393
1252,38.79,31.11,0.082992
1253,38.79,31.15,0.070486
1254,38.79,31.19,0.059641
1255,38.79,31.23,0.049426
1256,38.79,31.27,0.039075
1257,38.79,31.31,0.053245
1258,38.79,31.35,0.076738
1259,38.79,31.39,0.099831
1260,38.79,31.43,0.095115
1261,38.79,31.47,0.081456
1262,38.79,31.51,0.068094
1263,38.79,31.55,0.067687
1264,38.79,31.59,0.070985
1265,38.79,31.63,0.074356
1266,38.79,31.67,0.085319
1267,38.79,31.71,0.098266
1268,38.79,31.75,0.111447
1269,38.79,31.79,0.119261
1270,38.79,31.83,0.126143
1271,38.79,31.87,0.13317
1272,38.79,31.91,0.126895
1273,38.79,31.95,0.118768
1274,38.79,31.99,0.110843
1275,38.79,32.03,0.11532
1276,38.79,32.07,0.121498
1277,38.83,29.79,0.005136
1278,38.83,29.83,-0.004263
1279,38.83,29.87,-0.004406
1280,38.83,29.91,0.008852
1281,38.83,29.95,0.02248
1282,38.83,29.99,0.029157
1283,38.83,30.03,0.026805
1284,38.83,30.07,0.024592
1285,38.83,30.11,0.023319
1286,38.83,30.15,0.023422
1287,38.83,30.19,0.024249
1288,38.83,30.23,0.035034
1289,38.83,30.27,0.05449
1290,38.83,30.31,0.073098
1291,38.83,30.35,0.080713
1292,38.83,30.39,0.0789
1293,38.83,30.43,0.077278
1294,38.83,30.47,0.071871
1295,38.83,30.51,0.063077
1296,38.83,30.55,0.05409
1297,38.83,30.59,0.049616
1298,38.83,30.63,0.049205
1299,38.83,30.67,0.049845
1300,38.83,30.71,0.052769
1301,38.83,30.75,0.056965
1302,38.83,30.79,0.061576
1303,38.83,30.83,0.074334
1304,38.83,30.87,0.091556
1305,38.83,30.91,0.108504
1306,38.83,30.95,0.110123
1307,38.83,30.99,0.104146
1308,38.83,31.03,0.098524
1309,38.83,31.07,0.090576
1310,38.83,31.11,0.081425
1311,38.83,31.15,0.072248
1312,38.83,31.19,0.067152
1313,38.83,31.23,0.063573
1314,38.83,31.27,0.059828
1315,38.83,31.31,0.06914
1316,38.83,31.35,0.083158
1317,38.83,31.39,0.097164
1318,38.83,31.43,0.085426
1319,38.83,31.47,0.065862
1320,38.83,31.51,0.046367
1321,38.83,31.55,0.047717
1322,38.83,31.59,0.054541
1323,38.83,31.63,0.061422
1324,38.83,31.67,0.068611
1325,38.83,31.71,0.076031
1326,38.83,31.75,0.083641
1327,38.83,31.79,0.093574
1328,38.83,31.83,0.10383
1329,38.83,31.87,0.11401
1330,38.83,31.91,0.113568
1331,38.83,31.95,0.111498
1332,38.83,31.99,0.109297
1333,38.83,32.03,0.107226
1334,38.83,32.07,0.105322
1335,38.87,29.79,-0.001266
1336,38.87,29.83,-0.011362
1337,38.87,29.87,-0.01113
1338,38.87,29.91,0.002272
1339,38.87,29.95,0.016471
1340,38.87,29.99,0.023635
1341,38.87,30.03,0.022465
1342,38.87,30.07,0.021171
1343,38.87,30.11,0.019423
1344,38.87,30.15,0.017583
1345,38.87,30.19,0.016285
1346,38.87,30.23,0.027815
1347,38.87,30.27,0.049383
1348,38.87,30.31,0.070205
1349,38.87,30.35,0.076555
1350,38.87,30.39,0.071515
1351,38.87,30.43,0.066271
1352,38.87,30.47,0.063208
1353,38.87,30.51,0.061552
1354,38.87,30.55,0.059565
1355,38.87,30.59,0.054539
1356,38.87,30.63,0.048385
1357,38.87,30.67,0.043861
1358,38.87,30.71,0.038224
1359,38.87,30.75,0.031312
1360,38.87,30.79,0.024812
1361,38.87,30.83,0.044502
1362,38.87,30.87,0.077821
1363,38.87,30.91,0.110828
1364,38.87,30.95,0.113796
1365,38.87,30.99,0.103163
1366,38.87,31.03,0.092932
1367,38.87,31.07,0.086094
1368,38.87,31.11,0.08044
1369,38.87,31.15,0.074651
1370,38.87,31.19,0.074754
1371,38.87,31.23,0.077157
1372,38.87,31.27,0.079682
1373,38.87,31.31,0.083861
1374,38.87,31.35,0.088941
1375,38.87,31.39,0.094432
1376,38.87,31.43,0.075793
1377,38.87,31.47,0.049976
1378,38.87,31.51,0.023779
1379,38.87,31.55,0.027181
1380,38.87,31.59,0.037718
1381,38.87,31.63,0.048273
1382,38.87,31.67,0.051518
1383,38.87,31.71,0.053441
1384,38.87,31.75,0.055513
1385,38.87,31.79,0.067922
1386,38.87,31.83,0.081816
1387,38.87,31.87,0.095514
1388,38.87,31.91,0.100563
1389,38.87,31.95,0.104421
1390,38.87,31.99,0.108192
1391,38.87,32.03,0.098853
1392,38.87,32.07,0.087955
1393,38.91,29.79,-0.005555
1394,38.91,29.83,-0.013569
1395,38.91,29.87,-0.014166
1396,38.91,29.91,-0.006681
1397,38.91,29.95,0.001337
1398,38.91,29.99,0.007191
1399,38.91,30.03,0.010591
1400,38.91,30.07,0.013872
1401,38.91,30.11,0.015687
1402,38.91,30.15,0.016436
1403,38.91,30.19,0.01736
1404,38.91,30.23,0.024294
1405,38.91,30.27,0.035674
1406,38.91,30.31,0.047023
1407,38.91,30.35,0.05119
1408,38.91,30.39,0.05021
1409,38.91,30.43,0.049035
1410,38.91,30.47,0.052771
1411,38.91,30.51,0.059608
1412,38.91,30.55,0.066332
1413,38.91,30.59,0.066257
1414,38.91,30.63,0.062639
1415,38.91,30.67,0.059576
1416,38.91,30.71,0.05867
1417,38.91,30.75,0.058413
1418,38.91,30.79,0.057901
1419,38.91,30.83,0.069378
1420,38.91,30.87,0.087117
1421,38.91,30.91,0.105463
1422,38.91,30.95,0.108715
1423,38.91,30.99,0.105299
1424,38.91,31.03,0.10168
1425,38.91,31.07,0.094843
1426,38.91,31.11,0.08702
1427,38.91,31.15,0.079382
1428,38.91,31.19,0.079817
1429,38.91,31.23,0.083083
1430,38.91,31.27,0.086579
1431,38.91,31.31,0.087056
1432,38.91,31.35,0.086787
1433,38.91,31.39,0.086715
1434,38.91,31.43,0.07157
1435,38.91,31.47,0.05217
1436,38.91,31.51,0.032323
1437,38.91,31.55,0.0331
1438,38.91,31.59,0.038658
1439,38.91,31.63,0.044472
1440,38.91,31.67,0.047735
1441,38.91,31.71,0.050561
1442,38.91,31.75,0.053446
1443,38.91,31.79,0.064502
1444,38.91,31.83,0.07676
1445,38.91,31.87,0.088998
1446,38.91,31.91,0.093181
1447,38.91,31.95,0.096525
1448,38.91,31.99,0.100003
1449,38.91,32.03,0.093572
1450,38.91,32.07,0.085948
1451,38.95,29.79,-0.009153
1452,38.95,29.83,-0.015376
1453,38.95,29.87,-0.017369
1454,38.95,29.91,-0.015421
1455,38.95,29.95,-0.013246
1456,38.95,29.99,-0.008108
1457,38.95,30.03,-0.00052
1458,38.95,30.07,0.007112
1459,38.95,30.11,0.01237
1460,38.95,30.15,0.015775
1461,38.95,30.19,0.019035
1462,38.95,30.23,0.021093
1463,38.95,30.27,0.022738
1464,38.95,30.31,0.024761
1465,38.95,30.35,0.027352
1466,38.95,30.39,0.03006
1467,38.95,30.43,0.032668
1468,38.95,30.47,0.043152
1469,38.95,30.51,0.058293
1470,38.95,30.55,0.073794
1471,38.95,30.59,0.078242
1472,38.95,30.63,0.077003
1473,38.95,30.67,0.075785
1474,38.95,30.71,0.080708
1475,38.95,30.75,0.088314
1476,38.95,30.79,0.095783
1477,38.95,30.83,0.097533
1478,38.95,30.87,0.097605
1479,38.95,30.91,0.098393
1480,38.95,30.95,0.102982
1481,38.95,30.99,0.108503
1482,38.95,31.03,0.11366
1483,38.95,31.07,0.106343
1484,38.95,31.11,0.095345
1485,38.95,31.15,0.084773
1486,38.95,31.19,0.084389
1487,38.95,31.23,0.08709
1488,38.95,31.27,0.089945
1489,38.95,31.31,0.086623
1490,38.95,31.35,0.081671
1491,38.95,31.39,0.076721
1492,38.95,31.43,0.06954
1493,38.95,31.47,0.061684
1494,38.95,31.51,0.053652
1495,38.95,31.55,0.050088
1496,38.95,31.59,0.047645
1497,38.95,31.63,0.045443
1498,38.95,31.67,0.050936
1499,38.95,31.71,0.057816
1500,38.95,31.75,0.064834
1501,38.95,31.79,0.072664
1502,38.95,31.83,0.080712
1503,38.95,31.87,0.08888
1504,38.95,31.91,0.088913
1505,38.95,31.95,0.08822
1506,38.95,31.99,0.087709
1507,38.95,32.03,0.090008
1508,38.95,32.07,0.092571
1509,38.99,29.79,-0.008872
1510,38.99,29.83,-0.013758
1511,38.99,29.87,-0.016139
1512,38.99,29.91,-0.016507
1513,38.99,29.95,-0.016804
1514,38.99,29.99,-0.012042
1515,38.99,30.03,-0.003797
1516,38.99,30.07,0.004638
1517,38.99,30.11,0.010876
1518,38.99,30.15,0.015599
1519,38.99,30.19,0.020226
1520,38.99,30.23,0.022488
1521,38.99,30.27,0.023418
1522,38.99,30.31,0.024322
1523,38.99,30.35,0.027678
1524,38.99,30.39,0.032309
1525,38.99,30.43,0.036921
1526,38.99,30.47,0.047204
1527,38.99,30.51,0.060791
1528,38.99,30.55,0.075112
1529,38.99,30.59,0.081974
1530,38.99,30.63,0.085245
1531,38.99,30.67,0.088397
1532,38.99,30.71,0.096572
1533,38.99,30.75,0.107032
1534,38.99,30.79,0.117774
1535,38.99,30.83,0.113765
1536,38.99,30.87,0.104849
1537,38.99,30.91,0.096472
1538,38.99,30.95,0.098593
1539,38.99,30.99,0.104122
1540,38.99,31.03,0.109694
1541,38.99,31.07,0.104794
1542,38.99,31.11,0.096738
1543,38.99,31.15,0.088638
1544,38.99,31.19,0.089343
1545,38.99,31.23,0.092387
1546,38.99,31.27,0.095446
1547,38.99,31.31,0.091648
1548,38.99,31.35,0.086035
1549,38.99,31.39,0.080181
1550,38.99,31.43,0.076602
1551,38.99,31.47,0.07358
1552,38.99,31.51,0.070627
1553,38.99,31.55,0.063493
1554,38.99,31.59,0.055646
1555,38.99,31.63,0.047832
1556,38.99,31.67,0.055851
1557,38.99,31.71,0.066418
1558,38.99,31.75,0.077195
1559,38.99,31.79,0.08208
1560,38.99,31.83,0.086375
1561,38.99,31.87,0.090829
1562,38.99,31.91,0.08585
1563,38.99,31.95,0.080139
1564,38.99,31.99,0.074629
1565,38.99,32.03,0.080603
1566,38.99,32.07,0.087743
1567,39.03,29.79,-0.008103
1568,39.03,29.83,-0.011267
1569,39.03,29.87,-0.014305
1570,39.03,29.91,-0.017113
1571,39.03,29.95,-0.019882
1572,39.03,29.99,-0.015266
1573,39.03,30.03,-0.006331
1574,39.03,30.07,0.002809
1575,39.03,30.11,0.009861
1576,39.03,30.15,0.015698
1577,39.03,30.19,0.021475
1578,39.03,30.23,0.02466
1579,39.03,30.27,0.026564
1580,39.03,30.31,0.028422
1581,39.03,30.35,0.033703
1582,39.03,30.39,0.040538
1583,39.03,30.43,0.047374
1584,39.03,30.47,0.055442
1585,39.03,30.51,0.064408
1586,39.03,30.55,0.073844
1587,39.03,30.59,0.082472
1588,39.03,30.63,0.090792
1589,39.03,30.67,0.099263
1590,39.03,30.71,0.109106
1591,39.03,30.75,0.119656
1592,39.03,30.79,0.130514
1593,39.03,30.83,0.123053
1594,39.03,30.87,0.110521
1595,39.03,30.91,0.098801
1596,39.03,30.95,0.094794
1597,39.03,30.99,0.092975
1598,39.03,31.03,0.091254
1599,39.03,31.07,0.091258
1600,39.03,31.11,0.091516
1601,39.03,31.15,0.091572
1602,39.03,31.19,0.094986
1603,39.03,31.23,0.099204
1604,39.03,31.27,0.103419
1605,39.03,31.31,0.104042
1606,39.03,31.35,0.103713
1607,39.03,31.39,0.103143
1608,39.03,31.43,0.096646
1609,39.03,31.47,0.089205
1610,39.03,31.51,0.081867
1611,39.03,31.55,0.072371
1612,39.03,31.59,0.062436
1613,39.03,31.63,0.052396
1614,39.03,31.67,0.063359
1615,39.03,31.71,0.07721
1616,39.03,31.75,0.091162
1617,39.03,31.79,0.093734
1618,39.03,31.83,0.095156
1619,39.03,31.87,0.096696
1620,39.03,31.91,0.084841
1621,39.03,31.95,0.072206
1622,39.03,31.99,0.059972
1623,39.03,32.03,0.058546
1624,39.03,32.07,0.058235
1625,39.07,29.79,0.00386
1626,39.07,29.83,0.003825
1627,39.07,29.87,-0.000898
1628,39.07,29.91,-0.007832
1629,39.07,29.95,-0.014672
1630,39.07,29.99,-0.015667
1631,39.07,30.03,-0.013397
1632,39.07,30.07,-0.010501
1633,39.07,30.11,-0.002653
1634,39.07,30.15,0.00689
1635,39.07,30.19,0.01608
1636,39.07,30.23,0.021929
1637,39.07,30.27,0.026315
1638,39.07,30.31,0.0305
1639,39.07,30.35,0.037726
1640,39.07,30.39,0.046221
1641,39.07,30.43,0.054789
1642,39.07,30.47,0.060949
1643,39.07,30.51,0.066494
1644,39.07,30.55,0.072334
1645,39.07,30.59,0.082243
1646,39.07,30.63,0.093729
1647,39.07,30.67,0.10562
1648,39.07,30.71,0.1168
1649,39.07,30.75,0.127857
1650,39.07,30.79,0.139123
1651,39.07,30.83,0.129666
1652,39.07,30.87,0.115188
1653,39.07,30.91,0.101434
1654,39.07,30.95,0.093614
1655,39.07,30.99,0.087057
1656,39.07,31.03,0.080384
1657,39.07,31.07,0.083814
1658,39.07,31.11,0.08988
1659,39.07,31.15,0.096383
1660,39.07,31.19,0.101555
1661,39.07,31.23,0.106604
1662,39.07,31.27,0.11187
1663,39.07,31.31,0.116516
1664,39.07,31.35,0.120907
1665,39.07,31.39,0.125128
1666,39.07,31.43,0.116112
1667,39.07,31.47,0.105084
1668,39.07,31.51,0.094126
1669,39.07,31.55,0.081951
1670,39.07,31.59,0.069541
1671,39.07,31.63,0.057049
1672,39.07,31.67,0.071279
1673,39.07,31.71,0.088566
1674,39.07,31.75,0.105793
1675,39.07,31.79,0.105741
1676,39.07,31.83,0.104114
1677,39.07,31.87,0.102587
1678,39.07,31.91,0.083759
1679,39.07,31.95,0.064458
1680,39.07,31.99,0.046002
1681,39.07,32.03,0.036485
1682,39.07,32.07,0.027867
1683,39.11,29.79,0.018722
1684,39.11,29.83,0.022558
1685,39.11,29.87,0.015786
1686,39.11,29.91,0.004657
1687,39.11,29.95,-0.006425
1688,39.11,29.99,-0.015631
1689,39.11,30.03,-0.02356
1690,39.11,30.07,-0.030855
1691,39.11,30.11,-0.021916
1692,39.11,30.15,-0.007663
1693,39.11,30.19,0.006029
1694,39.11,30.23,0.015443
1695,39.11,30.27,0.023274
1696,39.11,30.31,0.030852
1697,39.11,30.35,0.039697
1698,39.11,30.39,0.049058
1699,39.11,30.43,0.058489
1700,39.11,30.47,0.063158
1701,39.11,30.51,0.066677
1702,39.11,30.55,0.070525
1703,39.11,30.59,0.080341
1704,39.11,30.63,0.091922
1705,39.11,30.67,0.103711
1706,39.11,30.71,0.114978
1707,39.11,30.75,0.126163
1708,39.11,30.79,0.137451
1709,39.11,30.83,0.129521
1710,39.11,30.87,0.117321
1711,39.11,30.91,0.105378
1712,39.11,30.95,0.101715
1713,39.11,30.99,0.099673
1714,39.11,31.03,0.097511
1715,39.11,31.07,0.099329
1716,39.11,31.11,0.101984
1717,39.11,31.15,0.104699
1718,39.11,31.19,0.110168
1719,39.11,31.23,0.116131
1720,39.11,31.27,0.122122
1721,39.11,31.31,0.127108
1722,39.11,31.35,0.131886
1723,39.11,31.39,0.136597
1724,39.11,31.43,0.129849
1725,39.11,31.47,0.121547
1726,39.11,31.51,0.113252
1727,39.11,31.55,0.095246
1728,39.11,31.59,0.075954
1729,39.11,31.63,0.056498
1730,39.11,31.67,0.078487
1731,39.11,31.71,0.104219
1732,39.11,31.75,0.129484
1733,39.11,31.79,0.121822
1734,39.11,31.83,0.111112
1735,39.11,31.87,0.100077
1736,39.11,31.91,0.087723
1737,39.11,31.95,0.075718
1738,39.11,31.99,0.06413
1739,39.11,32.03,0.064561
1740,39.11,32.07,0.065701
1741,39.15,29.79,0.021645
1742,39.15,29.83,0.026484
1743,39.15,29.87,0.020327
1744,39.15,29.91,0.01004
1745,39.15,29.95,-0.000666
1746,39.15,29.99,-0.012887
1747,39.15,30.03,-0.025581
1748,39.15,30.07,-0.038288
1749,39.15,30.11,-0.02954
1750,39.15,30.15,-0.01449
1751,39.15,30.19,0.000391
1752,39.15,30.23,0.012128
1753,39.15,30.27,0.022823
1754,39.15,30.31,0.033316
1755,39.15,30.35,0.043701
1756,39.15,30.39,0.054099
1757,39.15,30.43,0.064501
1758,39.15,30.47,0.0672
1759,39.15,30.51,0.068357
1760,39.15,30.55,0.069965
1761,39.15,30.59,0.079367
1762,39.15,30.63,0.090709
1763,39.15,30.67,0.102304
1764,39.15,30.71,0.113497
1765,39.15,30.75,0.124842
1766,39.15,30.79,0.136194
1767,39.15,30.83,0.129783
1768,39.15,30.87,0.119884
1769,39.15,30.91,0.109972
1770,39.15,30.95,0.110913
1771,39.15,30.99,0.113761
1772,39.15,31.03,0.116577
1773,39.15,31.07,0.11576
1774,39.15,31.11,0.114504
1775,39.15,31.15,0.113386
1776,39.15,31.19,0.119326
1777,39.15,31.23,0.126354
1778,39.15,31.27,0.133443
1779,39.15,31.31,0.138666
1780,39.15,31.35,0.143725
1781,39.15,31.39,0.14887
1782,39.15,31.43,0.144637
1783,39.15,31.47,0.139278
1784,39.15,31.51,0.133889
1785,39.15,31.55,0.109505
1786,39.15,31.59,0.083116
1787,39.15,31.63,0.05658
1788,39.15,31.67,0.086888
1789,39.15,31.71,0.12096
1790,39.15,31.75,0.153931
1791,39.15,31.79,0.138641
1792,39.15,31.83,0.118974
1793,39.15,31.87,0.0982
1794,39.15,31.91,0.09338
1795,39.15,31.95,0.089826
1796,39.15,31.99,0.086551
1797,39.15,32.03,0.095244
1798,39.15,32.07,0.104191
1799,39.19,29.79,0.012014
1800,39.19,29.83,0.013528
1801,39.19,29.87,0.010891
1802,39.19,29.91,0.006838
1803,39.19,29.95,0.002481
1804,39.19,29.99,-0.004062
1805,39.19,30.03,-0.011204
1806,39.19,30.07,-0.018392
1807,39.19,30.11,-0.012449
1808,39.19,30.15,-0.003265
1809,39.19,30.19,0.005987
1810,39.19,30.23,0.018074
1811,39.19,30.27,0.030672
1812,39.19,30.31,0.043126
1813,39.19,30.35,0.056614
1814,39.19,30.39,0.070476
1815,39.19,30.43,0.08449
1816,39.19,30.47,0.084629
1817,39.19,30.51,0.082177
1818,39.19,30.55,0.079928
1819,39.19,30.59,0.087904
1820,39.19,30.63,0.097958
1821,39.19,30.67,0.108235
1822,39.19,30.71,0.111768
1823,39.19,30.75,0.114365
1824,39.19,30.79,0.11722
1825,39.19,30.83,0.112438
1826,39.19,30.87,0.106232
1827,39.19,30.91,0.099827
1828,39.19,30.95,0.106017
1829,39.19,30.99,0.114093
1830,39.19,31.03,0.122211
1831,39.19,31.07,0.12816
1832,39.19,31.11,0.133697
1833,39.19,31.15,0.139115
1834,39.19,31.19,0.142106
1835,39.19,31.23,0.144964
1836,39.19,31.27,0.147977
1837,39.19,31.31,0.15077
1838,39.19,31.35,0.153846
1839,39.19,31.39,0.157235
1840,39.19,31.43,0.152487
1841,39.19,31.47,0.146891
1842,39.19,31.51,0.141244
1843,39.19,31.55,0.118063
1844,39.19,31.59,0.093195
1845,39.19,31.63,0.068062
1846,39.19,31.67,0.0946
1847,39.19,31.71,0.123997
1848,39.19,31.75,0.152496
1849,39.19,31.79,0.143455
1850,39.19,31.83,0.131547
1851,39.19,31.87,0.118942
1852,39.19,31.91,0.114054
1853,39.19,31.95,0.109943
1854,39.19,31.99,0.106192
1855,39.19,32.03,0.1142
1856,39.19,32.07,0.122526
1857,39.23,29.79,0.002896
1858,39.23,29.83,0.001292
1859,39.23,29.87,0.002443
1860,39.23,29.91,0.004128
1861,39.23,29.95,0.005813
1862,39.23,29.99,0.004533
1863,39.23,30.03,0.002768
1864,39.23,30.07,0.001148
1865,39.23,30.11,0.003853
1866,39.23,30.15,0.007435
1867,39.23,30.19,0.011331
1868,39.23,30.23,0.024197
1869,39.23,30.27,0.038716
1870,39.23,30.31,0.053338
1871,39.23,30.35,0.070161
1872,39.23,30.39,0.087651
1873,39.23,30.43,0.105511
1874,39.23,30.47,0.102164
1875,39.23,30.51,0.095901
1876,39.23,30.55,0.090026
1877,39.23,30.59,0.096644
1878,39.23,30.63,0.105303
1879,39.23,30.67,0.114254
1880,39.23,30.71,0.109877
1881,39.23,30.75,0.104273
1882,39.23,30.79,0.099242
1883,39.23,30.83,0.095945
1884,39.23,30.87,0.092656
1885,39.23,30.91,0.089189
1886,39.23,30.95,0.100402
1887,39.23,30.99,0.113435
1888,39.23,31.03,0.126606
1889,39.23,31.07,0.140523
1890,39.23,31.11,0.154601
1891,39.23,31.15,0.168783
1892,39.23,31.19,0.167616
1893,39.23,31.23,0.1652
1894,39.23,31.27,0.163004
1895,39.23,31.31,0.162729
1896,39.23,31.35,0.16311
1897,39.23,31.39,0.163955
1898,39.23,31.43,0.157681
1899,39.23,31.47,0.150843
1900,39.23,31.51,0.144008
1901,39.23,31.55,0.124617
1902,39.23,31.59,0.104199
1903,39.23,31.63,0.083559
1904,39.23,31.67,0.101168
1905,39.23,31.71,0.120551
1906,39.23,31.75,0.139367
1907,39.23,31.79,0.142505
1908,39.23,31.83,0.14486
1909,39.23,31.87,0.147197
1910,39.23,31.91,0.139163
1911,39.23,31.95,0.130963
1912,39.23,31.99,0.123
1913,39.23,32.03,0.126703
1914,39.23,32.07,0.131313
