<?xml version="1.0" encoding="UTF-8"?>
<metadata xml:lang="en"><Esri><CreaDate>20120626</CreaDate><CreaTime>21214200</CreaTime><ArcGISFormat>1.0</ArcGISFormat><SyncOnce>TRUE</SyncOnce><DataProperties><lineage><Process ToolSource="C:\ArcGIS\Desktop10.0\ArcToolbox\Toolboxes\Data Management Tools.tbx\CalculateStatistics" Date="20120626" Time="212142">CalculateStatistics T:\ned\holding\ned_1\dem7743 1 1 #</Process><Process ToolSource="C:\ArcGIS\Desktop10.0\ArcToolbox\Toolboxes\Data Management Tools.tbx\BuildPyramids" Date="20120628" Time="045106">BuildPyramids T:\ned\holding\ned_1\dem7743</Process></lineage></DataProperties></Esri></metadata>
